https://mariadb.com/kb/en/polygon-properties-area/,
https://mariadb.com/kb/en/centroid/,
https://mariadb.com/kb/en/polygon-properties-exteriorring/,
https://mariadb.com/kb/en/polygon-properties-interiorringn/,
https://mariadb.com/kb/en/polygon-properties-numinteriorrings/,
https://mariadb.com/kb/en/st_area/,
https://mariadb.com/kb/en/st_centroid/,
https://mariadb.com/kb/en/st_exteriorring/,
https://mariadb.com/kb/en/st_interiorringn/,
https://mariadb.com/kb/en/st_numinteriorrings/,
https://mariadb.com/kb/en/wkt-definition/,
https://mariadb.com/kb/en/wkt-astext/,
https://mariadb.com/kb/en/wkt-aswkt/,
https://mariadb.com/kb/en/wkt-geomcollfromtext/,
https://mariadb.com/kb/en/geometrycollectionfromtext/,
https://mariadb.com/kb/en/geometryfromtext/,
https://mariadb.com/kb/en/wkt-geomfromtext/,
https://mariadb.com/kb/en/wkt-linefromtext/,
https://mariadb.com/kb/en/linestringfromtext/,
https://mariadb.com/kb/en/mlinefromtext/,
https://mariadb.com/kb/en/mpointfromtext/,
https://mariadb.com/kb/en/mpolyfromtext/,
https://mariadb.com/kb/en/multilinestringfromtext/,
https://mariadb.com/kb/en/multipointfromtext/,
https://mariadb.com/kb/en/multipolygonfromtext/,
https://mariadb.com/kb/en/wkt-pointfromtext/,
https://mariadb.com/kb/en/wkt-polyfromtext/,
https://mariadb.com/kb/en/polygonfromtext/,
https://mariadb.com/kb/en/st_astext/,
https://mariadb.com/kb/en/st_aswkt/,
https://mariadb.com/kb/en/st_geomcollfromtext/,
https://mariadb.com/kb/en/st_geometrycollectionfromtext/,
https://mariadb.com/kb/en/st_geometryfromtext/,
https://mariadb.com/kb/en/st_geomfromtext/,
https://mariadb.com/kb/en/st_linefromtext/,
https://mariadb.com/kb/en/st_linestringfromtext/,
https://mariadb.com/kb/en/st_pointfromtext/,
https://mariadb.com/kb/en/st_polyfromtext/,
https://mariadb.com/kb/en/st_polygonfromtext/,
https://mariadb.com/kb/en/addition-operator/,
https://mariadb.com/kb/en/subtraction-operator-/,
https://mariadb.com/kb/en/division-operator/,
https://mariadb.com/kb/en/multiplication-operator/,
https://mariadb.com/kb/en/modulo-operator/,
https://mariadb.com/kb/en/div/,
https://mariadb.com/kb/en/abs/,
https://mariadb.com/kb/en/acos/,
https://mariadb.com/kb/en/asin/,
https://mariadb.com/kb/en/atan/,
https://mariadb.com/kb/en/atan2/,
https://mariadb.com/kb/en/ceil/,
https://mariadb.com/kb/en/ceiling/,
https://mariadb.com/kb/en/conv/,
https://mariadb.com/kb/en/cos/,
https://mariadb.com/kb/en/cot/,
https://mariadb.com/kb/en/crc32/,
https://mariadb.com/kb/en/degrees/,
https://mariadb.com/kb/en/exp/,
https://mariadb.com/kb/en/floor/,
https://mariadb.com/kb/en/ln/,
https://mariadb.com/kb/en/log/,
https://mariadb.com/kb/en/log10/,
https://mariadb.com/kb/en/log2/,
https://mariadb.com/kb/en/mod/,
https://mariadb.com/kb/en/oct/,
https://mariadb.com/kb/en/pi/,
https://mariadb.com/kb/en/pow/,
https://mariadb.com/kb/en/power/,
https://mariadb.com/kb/en/radians/,
https://mariadb.com/kb/en/rand/,
https://mariadb.com/kb/en/round/,
https://mariadb.com/kb/en/sign/,
https://mariadb.com/kb/en/sin/,
https://mariadb.com/kb/en/sqrt/,
https://mariadb.com/kb/en/tan/,
https://mariadb.com/kb/en/truncate/,
https://mariadb.com/kb/en/plugin-overview/,
https://mariadb.com/kb/en/install-plugin/,
https://mariadb.com/kb/en/mbr-definition/,
https://mariadb.com/kb/en/mbrcontains/,
https://mariadb.com/kb/en/mbrequal/,
https://mariadb.com/kb/en/uninstall-plugin/,
https://mariadb.com/kb/en/install-soname/,
https://mariadb.com/kb/en/uninstall-soname/,
https://mariadb.com/kb/en/mbrwithin/,
https://mariadb.com/kb/en/if-function/,
https://mariadb.com/kb/en/mbrdisjoint/,
https://mariadb.com/kb/en/mbrintersects/,
https://mariadb.com/kb/en/mbroverlaps/,
https://mariadb.com/kb/en/mbrtouches/,
https://mariadb.com/kb/en/case-operator/,
https://mariadb.com/kb/en/ifnull/,
https://mariadb.com/kb/en/nullif/,
https://mariadb.com/kb/en/change-master-to/,
https://mariadb.com/kb/en/reset-master/,
https://mariadb.com/kb/en/commit/,
https://mariadb.com/kb/en/deallocate-drop-prepared-statement/,
https://mariadb.com/kb/en/execute-statement/,
https://mariadb.com/kb/en/savepoint/,
https://mariadb.com/kb/en/transactions-unlock-tables/,
https://mariadb.com/kb/en/xa-transactions/,
https://mariadb.com/kb/en/authentication-from-mariadb-104/,
https://mariadb.com/kb/en/create-user/,
https://mariadb.com/kb/en/alter-user/,
https://mariadb.com/kb/en/grant/,
https://mariadb.com/kb/en/st_x/,
https://mariadb.com/kb/en/st_y/,
https://mariadb.com/kb/en/execute-immediate/,
https://mariadb.com/kb/en/metadata-locking/,
https://mariadb.com/kb/en/point-properties-x/,
https://mariadb.com/kb/en/point-properties-y/,
https://mariadb.com/kb/en/aes_decrypt/,
https://mariadb.com/kb/en/decode/,
https://mariadb.com/kb/en/lock-tables/,
https://mariadb.com/kb/en/purge-binary-logs/,
https://mariadb.com/kb/en/md5/,
https://mariadb.com/kb/en/password/,
https://mariadb.com/kb/en/linestring-properties-endpoint/,
https://mariadb.com/kb/en/glength/,
https://mariadb.com/kb/en/rollback/,
https://mariadb.com/kb/en/reset-slave-connection_name/,
https://mariadb.com/kb/en/linestring-properties-numpoints/,
https://mariadb.com/kb/en/linestring-properties-pointn/,
https://mariadb.com/kb/en/linestring-properties-startpoint/,
https://mariadb.com/kb/en/st_endpoint/,
https://mariadb.com/kb/en/st_numpoints/,
https://mariadb.com/kb/en/st_pointn/,
https://mariadb.com/kb/en/prepare-statement/,
https://mariadb.com/kb/en/inet_aton/,
https://mariadb.com/kb/en/inet_ntoa/,
https://mariadb.com/kb/en/set-transaction/,
https://mariadb.com/kb/en/is_free_lock/,
https://mariadb.com/kb/en/start-slave/,
https://mariadb.com/kb/en/start-transaction/,
https://mariadb.com/kb/en/is_ipv6/,
https://mariadb.com/kb/en/stop-slave/,
https://mariadb.com/kb/en/transaction-timeouts/,
https://mariadb.com/kb/en/wait-and-nowait/,
https://mariadb.com/kb/en/account-locking/,
https://mariadb.com/kb/en/is_used_lock/,
https://mariadb.com/kb/en/drop-user/,
https://mariadb.com/kb/en/user-password-expiry/,
https://mariadb.com/kb/en/name_const/,
https://mariadb.com/kb/en/sleep/,
https://mariadb.com/kb/en/uuid_short/,
https://mariadb.com/kb/en/not/,
https://mariadb.com/kb/en/rename-user/,
https://mariadb.com/kb/en/revoke/,
https://mariadb.com/kb/en/create-role/,
https://mariadb.com/kb/en/and/,
https://mariadb.com/kb/en/assignment-operator/,
https://mariadb.com/kb/en/set-password/,
https://mariadb.com/kb/en/drop-role/,
https://mariadb.com/kb/en/group_concat/,
https://mariadb.com/kb/en/stddev_samp/,
https://mariadb.com/kb/en/benchmark/,
https://mariadb.com/kb/en/roles_overview/,
https://mariadb.com/kb/en/binlog_gtid_pos/,
https://mariadb.com/kb/en/collation/,
https://mariadb.com/kb/en/set-role/,
https://mariadb.com/kb/en/set-default-role/,
https://mariadb.com/kb/en/aes_encrypt/,
https://mariadb.com/kb/en/compress/,
https://mariadb.com/kb/en/connection_id/,
https://mariadb.com/kb/en/schema/,
https://mariadb.com/kb/en/session_user/,
https://mariadb.com/kb/en/system_user/,
https://mariadb.com/kb/en/less-than/,
https://mariadb.com/kb/en/less-than-or-equal/,
https://mariadb.com/kb/en/between-and/,
https://mariadb.com/kb/en/greatest/,
https://mariadb.com/kb/en/des_decrypt/,
https://mariadb.com/kb/en/des_encrypt/,
https://mariadb.com/kb/en/encode/,
https://mariadb.com/kb/en/encrypt/,
https://mariadb.com/kb/en/interval/,
https://mariadb.com/kb/en/is-not-null/,
https://mariadb.com/kb/en/isnull/,
https://mariadb.com/kb/en/operator-precedence/,
https://mariadb.com/kb/en/bitwise_and/,
https://mariadb.com/kb/en/old_password/,
https://mariadb.com/kb/en/sha1/,
https://mariadb.com/kb/en/sha2/,
https://mariadb.com/kb/en/uncompress/,
https://mariadb.com/kb/en/uncompressed_length/,
https://mariadb.com/kb/en/shift-left/,
https://mariadb.com/kb/en/shift-right/,
https://mariadb.com/kb/en/bit_count/,
https://mariadb.com/kb/en/bitwise-xor/,
https://mariadb.com/kb/en/bitwise-or/,
https://mariadb.com/kb/en/get_lock/,
https://mariadb.com/kb/en/inet6_aton/,
https://mariadb.com/kb/en/inet6_ntoa/,
https://mariadb.com/kb/en/is_ipv4/,
https://mariadb.com/kb/en/is_ipv4_compat/,
https://mariadb.com/kb/en/is_ipv4_mapped/,
https://mariadb.com/kb/en/bitwise-not/,
https://mariadb.com/kb/en/true-false/,
https://mariadb.com/kb/en/check-view/,
https://mariadb.com/kb/en/blob-and-text-data-types/,
https://mariadb.com/kb/en/master_gtid_wait/,
https://mariadb.com/kb/en/master_pos_wait/,
https://mariadb.com/kb/en/char-byte/,
https://mariadb.com/kb/en/longblob/,
https://mariadb.com/kb/en/mediumblob/,
https://mariadb.com/kb/en/mediumtext/,
https://mariadb.com/kb/en/release_lock/,
https://mariadb.com/kb/en/uuid/,
https://mariadb.com/kb/en/row/,
https://mariadb.com/kb/en/set-data-type/,
https://mariadb.com/kb/en/timestamp/,
https://mariadb.com/kb/en/tinyblob/,
https://mariadb.com/kb/en/tinytext/,
https://mariadb.com/kb/en/values-value/,
https://mariadb.com/kb/en/or/,
https://mariadb.com/kb/en/xor/,
https://mariadb.com/kb/en/assignment-operators-assignment-operator/,
https://mariadb.com/kb/en/stored-aggregate-functions/,
https://mariadb.com/kb/en/avg/,
https://mariadb.com/kb/en/bit_and/,
https://mariadb.com/kb/en/bit_or/,
https://mariadb.com/kb/en/close/,
https://mariadb.com/kb/en/declare-cursor/,
https://mariadb.com/kb/en/fetch/,
https://mariadb.com/kb/en/goto/,
https://mariadb.com/kb/en/if/,
https://mariadb.com/kb/en/bit_xor/,
https://mariadb.com/kb/en/count/,
https://mariadb.com/kb/en/max/,
https://mariadb.com/kb/en/iterate/,
https://mariadb.com/kb/en/loop/,
https://mariadb.com/kb/en/min/,
https://mariadb.com/kb/en/std/,
https://mariadb.com/kb/en/stddev/,
https://mariadb.com/kb/en/open/,
https://mariadb.com/kb/en/return/,
https://mariadb.com/kb/en/stddev_pop/,
https://mariadb.com/kb/en/sum/,
https://mariadb.com/kb/en/variance/,
https://mariadb.com/kb/en/while/,
https://mariadb.com/kb/en/var_pop/,
https://mariadb.com/kb/en/var_samp/,
https://mariadb.com/kb/en/charset/,
https://mariadb.com/kb/en/buffer/,
https://mariadb.com/kb/en/convexhull/,
https://mariadb.com/kb/en/geometrycollection/,
https://mariadb.com/kb/en/multilinestring/,
https://mariadb.com/kb/en/multipoint/,
https://mariadb.com/kb/en/coercibility/,
https://mariadb.com/kb/en/current_role/,
https://mariadb.com/kb/en/current_user/,
https://mariadb.com/kb/en/database/,
https://mariadb.com/kb/en/default/,
https://mariadb.com/kb/en/point/,
https://mariadb.com/kb/en/pointonsurface/,
https://mariadb.com/kb/en/st_intersection/,
https://mariadb.com/kb/en/st_pointonsurface/,
https://mariadb.com/kb/en/binlog/,
https://mariadb.com/kb/en/decode_histogram/,
https://mariadb.com/kb/en/found_rows/,
https://mariadb.com/kb/en/flush-query-cache/,
https://mariadb.com/kb/en/load-index/,
https://mariadb.com/kb/en/last_insert_id/,
https://mariadb.com/kb/en/procedure-analyse/,
https://mariadb.com/kb/en/show-function-code/,
https://mariadb.com/kb/en/show-profiles/,
https://mariadb.com/kb/en/show-query_response_time/,
https://mariadb.com/kb/en/show-slave-status/,
https://mariadb.com/kb/en/show-status/,
https://mariadb.com/kb/en/do/,
https://mariadb.com/kb/en/last_value/,
https://mariadb.com/kb/en/row_count/,
https://mariadb.com/kb/en/dual/,
https://mariadb.com/kb/en/for-update/,
https://mariadb.com/kb/en/user/,
https://mariadb.com/kb/en/version/,
https://mariadb.com/kb/en/not-equal/,
https://mariadb.com/kb/en/null-safe-equal/,
https://mariadb.com/kb/en/equal/,
https://mariadb.com/kb/en/handler-commands/,
https://mariadb.com/kb/en/lock-in-share-mode/,
https://mariadb.com/kb/en/procedure/,
https://mariadb.com/kb/en/greater-than/,
https://mariadb.com/kb/en/greater-than-or-equal/,
https://mariadb.com/kb/en/coalesce/,
https://mariadb.com/kb/en/in/,
https://mariadb.com/kb/en/explain/,
https://mariadb.com/kb/en/explain-analyze/,
https://mariadb.com/kb/en/contains/,
https://mariadb.com/kb/en/disjoint/,
https://mariadb.com/kb/en/equals/,
https://mariadb.com/kb/en/intersects/,
https://mariadb.com/kb/en/overlaps/,
https://mariadb.com/kb/en/is/,
https://mariadb.com/kb/en/is-not/,
https://mariadb.com/kb/en/is-null/,
https://mariadb.com/kb/en/least/,
https://mariadb.com/kb/en/not-between/,
https://mariadb.com/kb/en/not-in/,
https://mariadb.com/kb/en/st_difference/,
https://mariadb.com/kb/en/st_distance/,
https://mariadb.com/kb/en/st_length/,
https://mariadb.com/kb/en/parentheses/,
https://mariadb.com/kb/en/analyze-table/,
https://mariadb.com/kb/en/st-overlaps/,
https://mariadb.com/kb/en/touches/,
https://mariadb.com/kb/en/current_date/,
https://mariadb.com/kb/en/sql-commands-check-table/,
https://mariadb.com/kb/en/checksum-table/,
https://mariadb.com/kb/en/current_time/,
https://mariadb.com/kb/en/current_timestamp/,
https://mariadb.com/kb/en/curtime/,
https://mariadb.com/kb/en/date-function/,
https://mariadb.com/kb/en/day/,
https://mariadb.com/kb/en/optimize-table/,
https://mariadb.com/kb/en/repair-table/,
https://mariadb.com/kb/en/dayofyear/,
https://mariadb.com/kb/en/from_days/,
https://mariadb.com/kb/en/localtime/,
https://mariadb.com/kb/en/localtimestamp/,
https://mariadb.com/kb/en/minute/,
https://mariadb.com/kb/en/repair-view/,
https://mariadb.com/kb/en/create-function-udf/,
https://mariadb.com/kb/en/month/,
https://mariadb.com/kb/en/monthname/,
https://mariadb.com/kb/en/quarter/,
https://mariadb.com/kb/en/second/,
https://mariadb.com/kb/en/drop-function-udf/,
https://mariadb.com/kb/en/creating-user-defined-functions/,
https://mariadb.com/kb/en/time-function/,
https://mariadb.com/kb/en/time_format/,
https://mariadb.com/kb/en/user-defined-functions-calling-sequences/,
https://mariadb.com/kb/en/user-defined-functions-security/,
https://mariadb.com/kb/en/time_to_sec/,
https://mariadb.com/kb/en/utc_date/,
https://mariadb.com/kb/en/utc_time/,
https://mariadb.com/kb/en/mysqlfunc-table/,
https://mariadb.com/kb/en/auto_increment/,
https://mariadb.com/kb/en/wkb-asbinary/,
https://mariadb.com/kb/en/aswkb/,
https://mariadb.com/kb/en/mlinefromwkb/,
https://mariadb.com/kb/en/bigint/,
https://mariadb.com/kb/en/binary/,
https://mariadb.com/kb/en/bit/,
https://mariadb.com/kb/en/mpointfromwkb/,
https://mariadb.com/kb/en/wkb-geomcollfromwkb/,
https://mariadb.com/kb/en/geometrycollectionfromwkb/,
https://mariadb.com/kb/en/geometryfromwkb/,
https://mariadb.com/kb/en/wkb-geomfromwkb/,
https://mariadb.com/kb/en/wkb-linefromwkb/,
https://mariadb.com/kb/en/linestringfromwkb/,
https://mariadb.com/kb/en/blob/,
https://mariadb.com/kb/en/boolean/,
https://mariadb.com/kb/en/char/,
https://mariadb.com/kb/en/multilinestringfromwkb/,
https://mariadb.com/kb/en/multipointfromwkb/,
https://mariadb.com/kb/en/multipolygonfromwkb/,
https://mariadb.com/kb/en/wkb-pointfromwkb/,
https://mariadb.com/kb/en/wkb-polyfromwkb/,
https://mariadb.com/kb/en/polygonfromwkb/,
https://mariadb.com/kb/en/st_asbinary/,
https://mariadb.com/kb/en/st_aswkb/,
https://mariadb.com/kb/en/st_geometrycollectionfromwkb/,
https://mariadb.com/kb/en/st_geometryfromwkb/,
https://mariadb.com/kb/en/date/,
https://mariadb.com/kb/en/datetime/,
https://mariadb.com/kb/en/st_geomfromwkb/,
https://mariadb.com/kb/en/st_linefromwkb/,
https://mariadb.com/kb/en/decimal/,
https://mariadb.com/kb/en/enum/,
https://mariadb.com/kb/en/st_linestringfromwkb/,
https://mariadb.com/kb/en/st_pointfromwkb/,
https://mariadb.com/kb/en/st_polyfromwkb/,
https://mariadb.com/kb/en/st_polygonfromwkb/,
https://mariadb.com/kb/en/double/,
https://mariadb.com/kb/en/float/,
https://mariadb.com/kb/en/json-data-type/,
https://mariadb.com/kb/en/geometry-properties-boundary/,
https://mariadb.com/kb/en/dimension/,
https://mariadb.com/kb/en/geometry-properties-envelope/,
https://mariadb.com/kb/en/geometry-properties-geometryn/,
https://mariadb.com/kb/en/geometry-properties-geometrytype/,
https://mariadb.com/kb/en/isclosed/,
https://mariadb.com/kb/en/geometry-properties-isempty/,
https://mariadb.com/kb/en/isring/,
https://mariadb.com/kb/en/geometry-properties-issimple/,
https://mariadb.com/kb/en/geometry-properties-numgeometries/,
https://mariadb.com/kb/en/geometry-properties-srid/,
https://mariadb.com/kb/en/st_dimension/,
https://mariadb.com/kb/en/geometry-types/,
https://mariadb.com/kb/en/longtext/,
https://mariadb.com/kb/en/mediumint/,
https://mariadb.com/kb/en/st_geometryn/,
https://mariadb.com/kb/en/numeric-data-type-overview/,
https://mariadb.com/kb/en/smallint/,
https://mariadb.com/kb/en/st_geometrytype/,
https://mariadb.com/kb/en/st_isempty/,
https://mariadb.com/kb/en/st_isring/,
https://mariadb.com/kb/en/string-literals/,
https://mariadb.com/kb/en/text/,
https://mariadb.com/kb/en/st_issimple/,
https://mariadb.com/kb/en/st_numgeometries/,
https://mariadb.com/kb/en/st_relate/,
https://mariadb.com/kb/en/st_srid/,
https://mariadb.com/kb/en/time/,
https://mariadb.com/kb/en/tinyint/,
https://mariadb.com/kb/en/varbinary/,
https://mariadb.com/kb/en/ascii/,
https://mariadb.com/kb/en/bin/,
https://mariadb.com/kb/en/bit_length/,
https://mariadb.com/kb/en/varchar/,
https://mariadb.com/kb/en/year-data-type/,
https://mariadb.com/kb/en/character_length/,
https://mariadb.com/kb/en/instr/,
https://mariadb.com/kb/en/begin-end/,
https://mariadb.com/kb/en/case-statement/,
https://mariadb.com/kb/en/declare-condition/,
https://mariadb.com/kb/en/lcase/,
https://mariadb.com/kb/en/left/,
https://mariadb.com/kb/en/lengthb/,
https://mariadb.com/kb/en/mid/,
https://mariadb.com/kb/en/not-like/,
https://mariadb.com/kb/en/declare-handler/,
https://mariadb.com/kb/en/declare-variable/,
https://mariadb.com/kb/en/for/,
https://mariadb.com/kb/en/labels/,
https://mariadb.com/kb/en/leave/,
https://mariadb.com/kb/en/not-regexp/,
https://mariadb.com/kb/en/octet_length/,
https://mariadb.com/kb/en/ord/,
https://mariadb.com/kb/en/position/,
https://mariadb.com/kb/en/quote/,
https://mariadb.com/kb/en/repeat-loop/,
https://mariadb.com/kb/en/resignal/,
https://mariadb.com/kb/en/selectinto/,
https://mariadb.com/kb/en/repeat-function/,
https://mariadb.com/kb/en/replace-function/,
https://mariadb.com/kb/en/reverse/,
https://mariadb.com/kb/en/right/,
https://mariadb.com/kb/en/signal/,
https://mariadb.com/kb/en/linestring/,
https://mariadb.com/kb/en/sounds-like/,
https://mariadb.com/kb/en/space/,
https://mariadb.com/kb/en/strcmp/,
https://mariadb.com/kb/en/substr/,
https://mariadb.com/kb/en/ucase/,
https://mariadb.com/kb/en/upper/,
https://mariadb.com/kb/en/multipolygon/,
https://mariadb.com/kb/en/polygon/,
https://mariadb.com/kb/en/st_buffer/,
https://mariadb.com/kb/en/st_convexhull/,
https://mariadb.com/kb/en/st_symdifference/,
https://mariadb.com/kb/en/alter-logfile-group/,
https://mariadb.com/kb/en/alter-server/,
https://mariadb.com/kb/en/alter-table/,
https://mariadb.com/kb/en/alter-tablespace/,
https://mariadb.com/kb/en/create-function/,
https://mariadb.com/kb/en/create-procedure/,
https://mariadb.com/kb/en/st_union/,
https://mariadb.com/kb/en/cache-index/,
https://mariadb.com/kb/en/flush-tables-for-export/,
https://mariadb.com/kb/en/help-command/,
https://mariadb.com/kb/en/create-table/,
https://mariadb.com/kb/en/create-tablespace/,
https://mariadb.com/kb/en/flush/,
https://mariadb.com/kb/en/data-manipulation-kill-connection-query/,
https://mariadb.com/kb/en/reset/,
https://mariadb.com/kb/en/about-show/,
https://mariadb.com/kb/en/create-view/,
https://mariadb.com/kb/en/drop-package/,
https://mariadb.com/kb/en/drop-package-body/,
https://mariadb.com/kb/en/set/,
https://mariadb.com/kb/en/drop-tablespace/,
https://mariadb.com/kb/en/lastval/,
https://mariadb.com/kb/en/nextval/,
https://mariadb.com/kb/en/json_array/,
https://mariadb.com/kb/en/json_compact/,
https://mariadb.com/kb/en/json_detailed/,
https://mariadb.com/kb/en/show-authors/,
https://mariadb.com/kb/en/show-binary-logs/,
https://mariadb.com/kb/en/show-binlog-events/,
https://mariadb.com/kb/en/json_loose/,
https://mariadb.com/kb/en/json_merge/,
https://mariadb.com/kb/en/json_object/,
https://mariadb.com/kb/en/show-character-set/,
https://mariadb.com/kb/en/show-client-statistics/,
https://mariadb.com/kb/en/show-collation/,
https://mariadb.com/kb/en/json_set/,
https://mariadb.com/kb/en/cume_dist/,
https://mariadb.com/kb/en/nth_value/,
https://mariadb.com/kb/en/show-columns/,
https://mariadb.com/kb/en/spider_flush_table_mon_cache/,
https://mariadb.com/kb/en/column_check/,
https://mariadb.com/kb/en/column_delete/,
https://mariadb.com/kb/en/column_exists/,
https://mariadb.com/kb/en/column_list/,
https://mariadb.com/kb/en/show-contributors/,
https://mariadb.com/kb/en/show-create-database/,
https://mariadb.com/kb/en/show-create-event/,
https://mariadb.com/kb/en/show-create-function/,
https://mariadb.com/kb/en/show-create-package/,
https://mariadb.com/kb/en/show-create-package-body/,
https://mariadb.com/kb/en/show-create-procedure/,
https://mariadb.com/kb/en/show-create-sequence/,
https://mariadb.com/kb/en/show-create-table/,
https://mariadb.com/kb/en/show-create-trigger/,
https://mariadb.com/kb/en/show-create-user/,
https://mariadb.com/kb/en/show-create-view/,
https://mariadb.com/kb/en/show-databases/,
https://mariadb.com/kb/en/show-engines/,
https://mariadb.com/kb/en/show-engine/,
https://mariadb.com/kb/en/show-errors/,
https://mariadb.com/kb/en/show-engine-innodb-status/,
https://mariadb.com/kb/en/show-events/,
https://mariadb.com/kb/en/show-explain/,
https://mariadb.com/kb/en/show-function-status/,
https://mariadb.com/kb/en/show-grants/,
https://mariadb.com/kb/en/show-index/,
https://mariadb.com/kb/en/show-locales/,
https://mariadb.com/kb/en/show-master-status/,
https://mariadb.com/kb/en/show-open-tables/,
https://mariadb.com/kb/en/show-package-body-status/,
https://mariadb.com/kb/en/show-package-status/,
https://mariadb.com/kb/en/show-plugins/,
https://mariadb.com/kb/en/show-plugins-soname/,
https://mariadb.com/kb/en/show-privileges/,
https://mariadb.com/kb/en/show-procedure-code/,
https://mariadb.com/kb/en/show-procedure-status/,
https://mariadb.com/kb/en/show-relaylog-events/,
https://mariadb.com/kb/en/show-slave-hosts/,
https://mariadb.com/kb/en/show-processlist/,
https://mariadb.com/kb/en/show-profile/,
https://mariadb.com/kb/en/show-table-status/,
https://mariadb.com/kb/en/show-tables/,
https://mariadb.com/kb/en/show-table-statistics/,
https://mariadb.com/kb/en/show-triggers/,
https://mariadb.com/kb/en/show-user-statistics/,
https://mariadb.com/kb/en/show-wsrep_membership/,
https://mariadb.com/kb/en/show-variables/,
https://mariadb.com/kb/en/show-wsrep_status/,
https://mariadb.com/kb/en/show-warnings/,
https://mariadb.com/kb/en/call/,
https://mariadb.com/kb/en/concurrent-inserts/,
https://mariadb.com/kb/en/delete/,
https://mariadb.com/kb/en/except/,
https://mariadb.com/kb/en/high_priority-and-low_priority/,
https://mariadb.com/kb/en/ignore/,
https://mariadb.com/kb/en/group-by/,
https://mariadb.com/kb/en/insert-default-duplicate-values/,
https://mariadb.com/kb/en/insert/,
https://mariadb.com/kb/en/insert-ignore/,
https://mariadb.com/kb/en/insert-delayed/,
https://mariadb.com/kb/en/insert-select/,
https://mariadb.com/kb/en/intersect/,
https://mariadb.com/kb/en/insert-on-duplicate-key-update/,
https://mariadb.com/kb/en/join-syntax/,
https://mariadb.com/kb/en/load-xml/,
https://mariadb.com/kb/en/limit/,
https://mariadb.com/kb/en/non-recursive-common-table-expressions-overview/,
https://mariadb.com/kb/en/load-data-infile/,
https://mariadb.com/kb/en/order-by/,
https://mariadb.com/kb/en/replace/,
https://mariadb.com/kb/en/recursive-common-table-expressions-overview/,
https://mariadb.com/kb/en/select-into-dumpfile/,
https://mariadb.com/kb/en/select/,
https://mariadb.com/kb/en/select-into-outfile/,
https://mariadb.com/kb/en/select-with-rollup/,
https://mariadb.com/kb/en/union/,
https://mariadb.com/kb/en/update/,
https://mariadb.com/kb/en/with/,
https://mariadb.com/kb/en/describe/,
https://mariadb.com/kb/en/analyze-format-json/,
https://mariadb.com/kb/en/analyze-formatjson-examples/,
https://mariadb.com/kb/en/crosses/,
https://mariadb.com/kb/en/st-contains/,
https://mariadb.com/kb/en/st-crosses/,
https://mariadb.com/kb/en/st_disjoint/,
https://mariadb.com/kb/en/st-equals/,
https://mariadb.com/kb/en/st-intersects/,
https://mariadb.com/kb/en/st-touches/,
https://mariadb.com/kb/en/st-within/,
https://mariadb.com/kb/en/within/,
https://mariadb.com/kb/en/adddate/,
https://mariadb.com/kb/en/addtime/,
https://mariadb.com/kb/en/convert_tz/,
https://mariadb.com/kb/en/curdate/,
https://mariadb.com/kb/en/datediff/,
https://mariadb.com/kb/en/date_add/,
https://mariadb.com/kb/en/date_format/,
https://mariadb.com/kb/en/date_sub/,
https://mariadb.com/kb/en/dayname/,
https://mariadb.com/kb/en/dayofmonth/,
https://mariadb.com/kb/en/dayofweek/,
https://mariadb.com/kb/en/extract/,
https://mariadb.com/kb/en/from_unixtime/,
https://mariadb.com/kb/en/get_format/,
https://mariadb.com/kb/en/hour/,
https://mariadb.com/kb/en/last_day/,
https://mariadb.com/kb/en/makedate/,
https://mariadb.com/kb/en/maketime/,
https://mariadb.com/kb/en/microsecond/,
https://mariadb.com/kb/en/now/,
https://mariadb.com/kb/en/period_add/,
https://mariadb.com/kb/en/period_diff/,
https://mariadb.com/kb/en/sec_to_time/,
https://mariadb.com/kb/en/str_to_date/,
https://mariadb.com/kb/en/subdate/,
https://mariadb.com/kb/en/subtime/,
https://mariadb.com/kb/en/sysdate/,
https://mariadb.com/kb/en/timediff/,
https://mariadb.com/kb/en/timestamp-function/,
https://mariadb.com/kb/en/timestampadd/,
https://mariadb.com/kb/en/timestampdiff/,
https://mariadb.com/kb/en/to_days/,
https://mariadb.com/kb/en/to_seconds/,
https://mariadb.com/kb/en/unix_timestamp/,
https://mariadb.com/kb/en/utc_timestamp/,
https://mariadb.com/kb/en/week/,
https://mariadb.com/kb/en/weekday/,
https://mariadb.com/kb/en/weekofyear/,
https://mariadb.com/kb/en/year/,
https://mariadb.com/kb/en/yearweek/,
https://mariadb.com/kb/en/well-known-binary-wkb-format/,
https://mariadb.com/kb/en/mpolyfromwkb/,
https://mariadb.com/kb/en/st_geomcollfromwkb/,
https://mariadb.com/kb/en/st_boundary/,
https://mariadb.com/kb/en/st_envelope/,
https://mariadb.com/kb/en/st_isclosed/,
https://mariadb.com/kb/en/binary-operator/,
https://mariadb.com/kb/en/cast/,
https://mariadb.com/kb/en/char-function/,
https://mariadb.com/kb/en/char_length/,
https://mariadb.com/kb/en/chr/,
https://mariadb.com/kb/en/concat/,
https://mariadb.com/kb/en/concat_ws/,
https://mariadb.com/kb/en/convert/,
https://mariadb.com/kb/en/elt/,
https://mariadb.com/kb/en/export_set/,
https://mariadb.com/kb/en/field/,
https://mariadb.com/kb/en/extractvalue/,
https://mariadb.com/kb/en/find_in_set/,
https://mariadb.com/kb/en/format/,
https://mariadb.com/kb/en/from_base64/,
https://mariadb.com/kb/en/hex/,
https://mariadb.com/kb/en/insert-function/,
https://mariadb.com/kb/en/length/,
https://mariadb.com/kb/en/load_file/,
https://mariadb.com/kb/en/like/,
https://mariadb.com/kb/en/locate/,
https://mariadb.com/kb/en/lower/,
https://mariadb.com/kb/en/lpad/,
https://mariadb.com/kb/en/ltrim/,
https://mariadb.com/kb/en/make_set/,
https://mariadb.com/kb/en/match-against/,
https://mariadb.com/kb/en/regexp_instr/,
https://mariadb.com/kb/en/regexp_replace/,
https://mariadb.com/kb/en/regexp_substr/,
https://mariadb.com/kb/en/rpad/,
https://mariadb.com/kb/en/rtrim/,
https://mariadb.com/kb/en/soundex/,
https://mariadb.com/kb/en/substring/,
https://mariadb.com/kb/en/substring_index/,
https://mariadb.com/kb/en/to_base64/,
https://mariadb.com/kb/en/trim/,
https://mariadb.com/kb/en/unhex/,
https://mariadb.com/kb/en/updatexml/,
https://mariadb.com/kb/en/weight_string/,
https://mariadb.com/kb/en/alter-database/,
https://mariadb.com/kb/en/alter-event/,
https://mariadb.com/kb/en/alter-function/,
https://mariadb.com/kb/en/alter-procedure/,
https://mariadb.com/kb/en/alter-view/,
https://mariadb.com/kb/en/create-database/,
https://mariadb.com/kb/en/constraint/,
https://mariadb.com/kb/en/create-event/,
https://mariadb.com/kb/en/create-index/,
https://mariadb.com/kb/en/create-package/,
https://mariadb.com/kb/en/create-package-body/,
https://mariadb.com/kb/en/drop-database/,
https://mariadb.com/kb/en/create-sequence/,
https://mariadb.com/kb/en/drop-event/,
https://mariadb.com/kb/en/drop-function/,
https://mariadb.com/kb/en/create-server/,
https://mariadb.com/kb/en/drop-index/,
https://mariadb.com/kb/en/create-trigger/,
https://mariadb.com/kb/en/drop-procedure/,
https://mariadb.com/kb/en/drop-sequence/,
https://mariadb.com/kb/en/drop-server/,
https://mariadb.com/kb/en/drop-trigger/,
https://mariadb.com/kb/en/drop-view/,
https://mariadb.com/kb/en/drop-table/,
https://mariadb.com/kb/en/rename-table/,
https://mariadb.com/kb/en/merge/,
https://mariadb.com/kb/en/next-value-for-sequence_name/,
https://mariadb.com/kb/en/truncate-table/,
https://mariadb.com/kb/en/previous-value-for-sequence_name/,
https://mariadb.com/kb/en/sequence-overview/,
https://mariadb.com/kb/en/setval/,
https://mariadb.com/kb/en/json_array_append/,
https://mariadb.com/kb/en/json_array_insert/,
https://mariadb.com/kb/en/json_contains/,
https://mariadb.com/kb/en/json_contains_path/,
https://mariadb.com/kb/en/json_depth/,
https://mariadb.com/kb/en/json_exists/,
https://mariadb.com/kb/en/json_extract/,
https://mariadb.com/kb/en/json_insert/,
https://mariadb.com/kb/en/json_keys/,
https://mariadb.com/kb/en/json_length/,
https://mariadb.com/kb/en/json_query/,
https://mariadb.com/kb/en/json_quote/,
https://mariadb.com/kb/en/json_remove/,
https://mariadb.com/kb/en/json_replace/,
https://mariadb.com/kb/en/json_search/,
https://mariadb.com/kb/en/json_type/,
https://mariadb.com/kb/en/json_unquote/,
https://mariadb.com/kb/en/json_valid/,
https://mariadb.com/kb/en/json_value/,
https://mariadb.com/kb/en/dense_rank/,
https://mariadb.com/kb/en/first_value/,
https://mariadb.com/kb/en/lag/,
https://mariadb.com/kb/en/median/,
https://mariadb.com/kb/en/ntile/,
https://mariadb.com/kb/en/percent_rank/,
https://mariadb.com/kb/en/percentile_disc/,
https://mariadb.com/kb/en/percentile_cont/,
https://mariadb.com/kb/en/rank/,
https://mariadb.com/kb/en/row_number/,
https://mariadb.com/kb/en/spider_bg_direct_sql/,
https://mariadb.com/kb/en/spider_copy_tables/,
https://mariadb.com/kb/en/spider_direct_sql/,
https://mariadb.com/kb/en/column_add/,
https://mariadb.com/kb/en/column_create/,
https://mariadb.com/kb/en/column_get/,
https://mariadb.com/kb/en/column_json/,